a0,human liver
a1,human liver
a2,human liver
a3,human liver
a4,human liver
a5,human liver
a6,human liver
a7,human liver
a8,human liver
a9,human liver
a10,human liver
a11,human liver
a12,human liver
a13,human liver
a14,human liver
a15,human liver
a16,human liver
a17,human liver
a18,human liver
a19,human liver
a20,human liver
a21,human liver
a22,human liver
a23,human liver
a24,human liver
a25,human liver
a26,human liver
a27,human liver
a28,human liver
a29,human liver
a30,human liver
a31,human liver
a32,human liver
a33,human liver
a34,human liver
a35,human liver
a36,human liver
a37,human liver
a38,human liver
a39,human liver
a40,human liver
a41,human liver
a42,human liver
a43,human liver
a44,human liver
a45,human liver
a46,human liver
a47,human liver
a48,human liver
a49,human liver
a50,human liver
a51,human liver
a52,human liver
a53,human liver
a54,human liver
a55,human liver
a56,human liver
a57,human liver
a58,human liver
a59,human liver
a60,human liver
a61,human liver
a62,human liver
a63,human liver
a64,human liver
a65,human liver
a66,human liver
a67,human liver
a68,human liver
a69,human liver
a70,human liver
a71,human liver
a72,human liver
a73,human liver
a74,human liver
a75,human liver
a76,human liver
a77,human liver
a78,human liver
a79,human liver
a80,human liver
a81,human liver
a82,human liver
a83,human liver
a84,human liver
a85,human liver
a86,human liver
a87,human liver
a88,human liver
a89,human liver
a90,human liver
a91,human liver
a92,human liver
a93,human liver
a94,human liver
a95,human liver
a96,human liver
a97,human liver
a98,human liver
a99,human liver
